{
  "slot": "tacz:attachment/slot/sight_sro_dot",
  // 配件的默认模型，可以为空，为空则直接把 GUI 模型当做渲染
  "model": "tacz:attachment/sight_sro_dot_geo",
  // 配件默认模型使用的材质，可以为空，为空则直接把 GUI 模型当做渲染
  "texture": "tacz:attachment/uv/sight_sro_dot",
  // 只有 瞄具 配件需要设置这个属性，表示瞄具的放大倍率。
  // 玩家可以在数组设置的几个倍率之间切换
  "lod": {
    "model": "tacz:attachment/lod/sight_sro_dot_lod",
    "texture": "tacz:attachment/lod/sight_sro_dot_lod"
  },
  "zoom": [
    1.2
  ],
  // 如果配件是瞄具，且为筒状放大瞄具，此选项应为true
  "scope": false,
  // 如果配件是瞄具，且为红点或全息瞄具，此选项应为true
  "sight": true,
  // 只有 瞄具 配件需要设置这个属性，表示开镜后，枪身和瞄具渲染的fov。
  // 默认情况下，mc 渲染手部模型的 fov 为 70。
  "fov": 70.0,
  // 音效，只在装卸配件时自己能听到
  "sounds": {
    "install": "tacz:attachments/scope_general_e",
    "uninstall": "tacz:attachments/scope_general_e"
  }
}