{
  "items": {
    "black_apple [default: true]": true,
    "stalagnate_bowl [default: true]": true,
    "stalagnate_bowl_wart [default: true]": true,
    "stalagnate_bowl_mushroom [default: true]": true,
    "stalagnate_bowl_apple [default: true]": true,
    "hook_mushroom_cooked [default: true]": true,
    "cincinnasite [default: true]": true,
    "cincinnasite_ingot [default: true]": true,
    "nether_ruby [default: true]": true,
    "bowl_upgrade_smithing_template [default: true]": true,
    "flaming_ruby_upgrade_smithing_template [default: true]": true,
    "cincinnasite_diamond_upgrade_smithing_template [default: true]": true,
    "nether_reed_boat [default: true]": true,
    "nether_reed_chest_boat [default: true]": true,
    "stalagnate_boat [default: true]": true,
    "stalagnate_chest_boat [default: true]": true,
    "willow_boat [default: true]": true,
    "willow_chest_boat [default: true]": true,
    "wart_boat [default: true]": true,
    "wart_chest_boat [default: true]": true,
    "warped_boat [default: true]": true,
    "warped_chest_boat [default: true]": true,
    "crimson_boat [default: true]": true,
    "crimson_chest_boat [default: true]": true,
    "rubeus_boat [default: true]": true,
    "rubeus_chest_boat [default: true]": true,
    "mushroom_fir_boat [default: true]": true,
    "mushroom_fir_chest_boat [default: true]": true,
    "nether_mushroom_boat [default: true]": true,
    "nether_mushroom_chest_boat [default: true]": true,
    "anchor_tree_boat [default: true]": true,
    "anchor_tree_chest_boat [default: true]": true,
    "nether_sakura_boat [default: true]": true,
    "nether_sakura_chest_boat [default: true]": true,
    "cincinnasite_hammer [default: true]": true,
    "cincinnasite_hammer_diamond [default: true]": true,
    "nether_ruby_hammer [default: true]": true,
    "cincinnasite_excavator [default: true]": true,
    "cincinnasite_excavator_diamond [default: true]": true,
    "nether_ruby_excavator [default: true]": true,
    "glowstone_pile [default: true]": true,
    "lapis_pile [default: true]": true,
    "agave_leaf [default: true]": true,
    "agave_medicine [default: true]": true,
    "herbal_medicine [default: true]": true,
    "spawn_egg_firefly [default: true]": true,
    "spawn_egg_hydrogen_jellyfish [default: true]": true,
    "spawn_egg_naga [default: true]": true,
    "spawn_egg_flying_pig [default: true]": true,
    "spawn_egg_jungle_skeleton [default: true]": true,
    "spawn_egg_skull [default: true]": true
  },
  "tools": {
    "cincinnasite_pickaxe [default: true]": true,
    "cincinnasite_sword [default: true]": true,
    "cincinnasite_hoe [default: true]": true,
    "cincinnasite_leggings [default: true]": true,
    "cincinnasite_chestplate [default: true]": true,
    "cincinnasite_boots [default: true]": true,
    "cincinnasite_helmet [default: true]": true,
    "cincinnasite_shovel [default: true]": true,
    "cincinnasite_axe [default: true]": true,
    "cincinnasite_shears [default: true]": true,
    "nether_ruby_pickaxe [default: true]": true,
    "nether_ruby_sword [default: true]": true,
    "nether_ruby_hoe [default: true]": true,
    "nether_ruby_leggings [default: true]": true,
    "nether_ruby_chestplate [default: true]": true,
    "nether_ruby_boots [default: true]": true,
    "nether_ruby_helmet [default: true]": true,
    "nether_ruby_shovel [default: true]": true,
    "nether_ruby_axe [default: true]": true,
    "cincinnasite_pickaxe_diamond [default: true]": true,
    "cincinnasite_sword_diamond [default: true]": true,
    "cincinnasite_hoe_diamond [default: true]": true,
    "cincinnasite_shovel_diamond [default: true]": true,
    "cincinnasite_axe_diamond [default: true]": true,
    "flaming_ruby_pickaxe [default: true]": true,
    "flaming_ruby_sword [default: true]": true,
    "flaming_ruby_hoe [default: true]": true,
    "flaming_ruby_leggings [default: true]": true,
    "flaming_ruby_chestplate [default: true]": true,
    "flaming_ruby_boots [default: true]": true,
    "flaming_ruby_helmet [default: true]": true,
    "flaming_ruby_shovel [default: true]": true,
    "flaming_ruby_axe [default: true]": true
  }
}