{
  "weight": 0.34,
  "ads_addend": 0.05,
  // 近战伤害，用于刺刀
  "melee": {
    // 刺刀距离参数，枪械里还有个刺刀攻击距离参数，两者做加和
    "distance": 2,
    // 刺刀范围角度
    "range_angle": 45,
    // 刺刀冷却时间，枪械里还有个刺刀冷却时间参数，两者做加和
    "cooldown": 0,
    // 伤害值
    "damage": 6,
    // 击退效果
    "knockback": 0.4,
    // 前摇时长，单位：秒
    "prep": 0.1
    // 额外效果
//    "effects": [
//      // 可以添加多个效果
//      {
//        // 效果 ID
//        "id": "minecraft:poison",
//        // 时长，秒
//        "time": 5,
//        // 效果等级
//        "amplifier": 1,
//        // 是否显示粒子效果
//        "hide_particles": true
//      }
//    ]
  }
}