{
	"format_version": "1.12.0",
	"minecraft:geometry": [
		{
			"description": {
				"identifier": "geometry.unknown",
				"texture_width": 256,
				"texture_height": 256,
				"visible_bounds_width": 5,
				"visible_bounds_height": 4,
				"visible_bounds_offset": [0, 1, 0]
			},
			"bones": [
				{
					"name": "scope_body",
					"pivot": [0, 0, 0],
					"cubes": [
						{
							"origin": [0.95313, 1.375, -0.625],
							"size": [0, 0.75, 3],
							"uv": {
								"west": {"uv": [0, 44.5], "uv_size": [64, 16]}
							}
						}
					]
				},
				{
					"name": "bone",
					"parent": "scope_body",
					"pivot": [0, 1.75, -3],
					"cubes": [
						{
							"origin": [-0.25, 0, -1.375],
							"size": [0.5, 0.5625, 3.25],
							"uv": {
								"north": {"uv": [2, 30], "uv_size": [0.5, 0.5]},
								"east": {"uv": [5, 16], "uv_size": [3.5, 0.5]},
								"south": {"uv": [30, 2], "uv_size": [0.5, 0.5]},
								"west": {"uv": [16, 15], "uv_size": [3.5, 0.5]},
								"up": {"uv": [10, 16], "uv_size": [0.5, 3.5]},
								"down": {"uv": [17, 9.5], "uv_size": [0.5, -3.5]}
							}
						},
						{
							"origin": [-0.25, -0.5625, -1.125],
							"size": [0.5, 0.125, 2.25],
							"uv": {
								"north": {"uv": [30, 4], "uv_size": [0.5, 0.5]},
								"east": {"uv": [19, 7], "uv_size": [2.5, 0.5]},
								"west": {"uv": [19, 9], "uv_size": [2.5, 0.5]},
								"up": {"uv": [8, 18], "uv_size": [0.5, 2.5]},
								"down": {"uv": [19, 13.5], "uv_size": [0.5, -2.5]}
							}
						},
						{
							"origin": [-0.25, -0.4375, -0.25],
							"size": [0.5, 0.25, 0.5],
							"pivot": [0, -0.48437, 0],
							"rotation": [0, 135, 0],
							"uv": {
								"north": {"uv": [30, 6], "uv_size": [0.5, 0.5]},
								"east": {"uv": [8, 30], "uv_size": [0.5, 0.5]},
								"south": {"uv": [30, 8], "uv_size": [0.5, 0.5]},
								"west": {"uv": [30, 10], "uv_size": [0.5, 0.5]},
								"up": {"uv": [12, 30], "uv_size": [0.5, 0.5]},
								"down": {"uv": [30, 12.5], "uv_size": [0.5, -0.5]}
							}
						},
						{
							"origin": [-0.25, -0.75, -0.25],
							"size": [0.5, 0.1875, 0.5],
							"pivot": [0, -0.48437, 0],
							"rotation": [0, 135, 0],
							"uv": {
								"north": {"uv": [30, 14], "uv_size": [0.5, 0.5]},
								"east": {"uv": [18, 30], "uv_size": [0.5, 0.5]},
								"south": {"uv": [30, 22], "uv_size": [0.5, 0.5]},
								"west": {"uv": [30, 24], "uv_size": [0.5, 0.5]},
								"up": {"uv": [30, 26], "uv_size": [0.5, 0.5]},
								"down": {"uv": [27, 30.5], "uv_size": [0.5, -0.5]}
							}
						},
						{
							"origin": [0.0625, -0.625, -0.1875],
							"size": [1.75, 0.125, 0.375],
							"pivot": [0, -0.5, 0],
							"rotation": [0, 90, 0],
							"uv": {
								"north": {"uv": [0, 20], "uv_size": [2, 0.5]},
								"south": {"uv": [5, 20], "uv_size": [2, 0.5]},
								"west": {"uv": [30, 28], "uv_size": [0.5, 0.5]},
								"up": {"uv": [12, 20], "uv_size": [2, 0.5]},
								"down": {"uv": [15, 20.5], "uv_size": [2, -0.5]}
							}
						},
						{
							"origin": [-1.25, -0.81155, -1.80165],
							"size": [1.0625, 0.1875, 0.375],
							"inflate": 0.001,
							"pivot": [-0.1875, -0.68655, -1.80165],
							"rotation": [90, 80, 90],
							"uv": {
								"north": {"uv": [23, 17], "uv_size": [1, 0.5]},
								"south": {"uv": [22, 23], "uv_size": [1, 0.5]},
								"west": {"uv": [29, 30], "uv_size": [0.5, 0.5]},
								"down": {"uv": [24, 0.5], "uv_size": [1, -0.5]}
							}
						},
						{
							"origin": [-0.25, -0.37011, -1.41293],
							"size": [0.5, 0.125, 0.625],
							"pivot": [0, -0.30761, -1.16293],
							"rotation": [112.5, 0, 0],
							"uv": {
								"north": {"uv": [0, 31], "uv_size": [0.5, 0.5]},
								"east": {"uv": [4, 31], "uv_size": [0.5, 0.5]},
								"south": {"uv": [6, 31], "uv_size": [0.5, 0.5]},
								"west": {"uv": [10, 31], "uv_size": [0.5, 0.5]},
								"up": {"uv": [14, 31], "uv_size": [0.5, 0.5]},
								"down": {"uv": [16, 31.5], "uv_size": [0.5, -0.5]}
							}
						},
						{
							"origin": [-0.125, -0.8125, -0.125],
							"size": [0.25, 0.375, 0.25],
							"pivot": [0, -0.5625, 0],
							"rotation": [0, -45, 0],
							"uv": {
								"north": {"uv": [31, 16], "uv_size": [0.5, 0.5]},
								"east": {"uv": [31, 18], "uv_size": [0.5, 0.5]},
								"south": {"uv": [20, 31], "uv_size": [0.5, 0.5]},
								"west": {"uv": [31, 20], "uv_size": [0.5, 0.5]},
								"down": {"uv": [22, 31.5], "uv_size": [0.5, -0.5]}
							}
						},
						{
							"origin": [-0.25, -0.37011, 0.91293],
							"size": [0.5, 0.125, 0.625],
							"pivot": [0, -0.30761, 1.16293],
							"rotation": [67.5, 0, 0],
							"uv": {
								"north": {"uv": [24, 31], "uv_size": [0.5, 0.5]},
								"east": {"uv": [31, 30], "uv_size": [0.5, 0.5]},
								"south": {"uv": [32, 0], "uv_size": [0.5, 0.5]},
								"west": {"uv": [2, 32], "uv_size": [0.5, 0.5]},
								"up": {"uv": [32, 2], "uv_size": [0.5, 0.5]},
								"down": {"uv": [32, 4.5], "uv_size": [0.5, -0.5]}
							}
						},
						{
							"origin": [-0.25, 0.5625, 1.125],
							"size": [0.5, 0.75, 0.75],
							"uv": {
								"north": {"uv": [2, 24], "uv_size": [0.5, 1]},
								"south": {"uv": [24, 2], "uv_size": [0.5, 1]}
							}
						},
						{
							"origin": [-0.25, 0.5625, -1.375],
							"size": [0.5, 0.75, 0.75],
							"uv": {
								"north": {"uv": [24, 4], "uv_size": [0.5, 1]},
								"south": {"uv": [9, 24], "uv_size": [0.5, 1]}
							}
						},
						{
							"origin": [0.62186, 0.99242, -1.125],
							"size": [0.125, 0.25, 0.25],
							"pivot": [0.30936, 1.11742, -1],
							"rotation": [-45, 0, 45],
							"uv": {
								"north": {"uv": [32, 6], "uv_size": [0.5, 0.5]},
								"east": {"uv": [8, 32], "uv_size": [0.5, 0.5]},
								"south": {"uv": [32, 8], "uv_size": [0.5, 0.5]},
								"west": {"uv": [32, 10], "uv_size": [0.5, 0.5]},
								"up": {"uv": [12, 32], "uv_size": [0.5, 0.5]},
								"down": {"uv": [32, 12.5], "uv_size": [0.5, -0.5]}
							}
						},
						{
							"origin": [-0.74686, 0.99242, -1.125],
							"size": [0.125, 0.25, 0.25],
							"pivot": [-0.30936, 1.11742, -1],
							"rotation": [-45, 0, -45],
							"uv": {
								"north": {"uv": [32, 14], "uv_size": [0.5, 0.5]},
								"east": {"uv": [18, 32], "uv_size": [0.5, 0.5]},
								"south": {"uv": [32, 22], "uv_size": [0.5, 0.5]},
								"west": {"uv": [32, 24], "uv_size": [0.5, 0.5]},
								"up": {"uv": [26, 32], "uv_size": [0.5, 0.5]},
								"down": {"uv": [32, 26.5], "uv_size": [0.5, -0.5]}
							}
						},
						{
							"origin": [-0.74686, 0.99242, 1.375],
							"size": [0.125, 0.25, 0.25],
							"pivot": [-0.30936, 1.11742, 1.5],
							"rotation": [-45, 0, -45],
							"uv": {
								"north": {"uv": [28, 32], "uv_size": [0.5, 0.5]},
								"east": {"uv": [32, 28], "uv_size": [0.5, 0.5]},
								"south": {"uv": [30, 32], "uv_size": [0.5, 0.5]},
								"west": {"uv": [32, 32], "uv_size": [0.5, 0.5]},
								"up": {"uv": [0, 33], "uv_size": [0.5, 0.5]},
								"down": {"uv": [4, 33.5], "uv_size": [0.5, -0.5]}
							}
						},
						{
							"origin": [0.62186, 0.99242, 1.375],
							"size": [0.125, 0.25, 0.25],
							"pivot": [0.30936, 1.11742, 1.5],
							"rotation": [-45, 0, 45],
							"uv": {
								"north": {"uv": [6, 33], "uv_size": [0.5, 0.5]},
								"east": {"uv": [10, 33], "uv_size": [0.5, 0.5]},
								"south": {"uv": [14, 33], "uv_size": [0.5, 0.5]},
								"west": {"uv": [16, 33], "uv_size": [0.5, 0.5]},
								"up": {"uv": [33, 16], "uv_size": [0.5, 0.5]},
								"down": {"uv": [33, 18.5], "uv_size": [0.5, -0.5]}
							}
						},
						{
							"origin": [-0.58839, 0.625, 1.125],
							"size": [1.25, 1.25, 0.75],
							"pivot": [-0.08839, 1.25, 1.5],
							"rotation": [0, 0, 45],
							"uv": {
								"north": {"uv": [8, 10], "uv_size": [1.5, 1.5]},
								"east": {"uv": [17, 11], "uv_size": [1, 1.5]},
								"south": {"uv": [11, 10], "uv_size": [1.5, 1.5]},
								"west": {"uv": [16, 17], "uv_size": [1, 1.5]},
								"up": {"uv": [0, 18], "uv_size": [1.5, 1]},
								"down": {"uv": [18, 1], "uv_size": [1.5, -1]}
							}
						},
						{
							"origin": [-0.58839, 0.625, -1.375],
							"size": [1.25, 1.25, 0.75],
							"pivot": [-0.08839, 1.25, -1],
							"rotation": [0, 0, 45],
							"uv": {
								"north": {"uv": [12, 0], "uv_size": [1.5, 1.5]},
								"east": {"uv": [18, 2], "uv_size": [1, 1.5]},
								"south": {"uv": [12, 3], "uv_size": [1.5, 1.5]},
								"west": {"uv": [3, 18], "uv_size": [1, 1.5]},
								"up": {"uv": [5, 18], "uv_size": [1.5, 1]},
								"down": {"uv": [12, 19], "uv_size": [1.5, -1]}
							}
						},
						{
							"origin": [-0.38833, 0.8125, -1.625],
							"size": [0.77666, 1.875, 5],
							"pivot": [0, 1.75, 0.875],
							"rotation": [0, 0, 45],
							"uv": {
								"north": {"uv": [0, 12], "uv_size": [1, 2]},
								"south": {"uv": [12, 6], "uv_size": [1, 2]},
								"up": {"uv": [0, 0], "uv_size": [1, 5]},
								"down": {"uv": [2, 5], "uv_size": [1, -5]}
							}
						},
						{
							"origin": [-0.38833, 0.8125, -1.625],
							"size": [0.77666, 1.875, 5],
							"uv": {
								"north": {"uv": [8, 13], "uv_size": [1, 2]},
								"south": {"uv": [10, 13], "uv_size": [1, 2]},
								"up": {"uv": [4, 0], "uv_size": [1, 5]},
								"down": {"uv": [0, 11], "uv_size": [1, -5]}
							}
						},
						{
							"origin": [-0.9375, 1.36167, -1.625],
							"size": [1.875, 0.77666, 5],
							"pivot": [0, 1.75, 0.875],
							"rotation": [0, 0, 45],
							"uv": {
								"north": {"uv": [12, 13], "uv_size": [2, 1]},
								"east": {"uv": [6, 0], "uv_size": [5, 1]},
								"south": {"uv": [2, 14], "uv_size": [2, 1]},
								"west": {"uv": [2, 6], "uv_size": [5, 1]}
							}
						},
						{
							"origin": [-0.9375, 1.36167, -1.625],
							"size": [1.875, 0.77666, 5],
							"uv": {
								"north": {"uv": [5, 14], "uv_size": [2, 1]},
								"east": {"uv": [6, 2], "uv_size": [5, 1]},
								"south": {"uv": [14, 6], "uv_size": [2, 1]},
								"west": {"uv": [6, 4], "uv_size": [5, 1]}
							}
						},
						{
							"origin": [-0.75, 1.43934, 3.375],
							"size": [1.5, 0.62132, 0.25],
							"uv": {
								"east": {"uv": [20, 33], "uv_size": [0.5, 0.5]},
								"west": {"uv": [33, 20], "uv_size": [0.5, 0.5]}
							}
						},
						{
							"origin": [-0.75, 1.43934, 3.375],
							"size": [1.5, 0.62132, 0.25],
							"pivot": [0, 1.75, 3.125],
							"rotation": [0, 0, 45],
							"uv": {
								"east": {"uv": [22, 33], "uv_size": [0.5, 0.5]},
								"west": {"uv": [24, 33], "uv_size": [0.5, 0.5]}
							}
						},
						{
							"origin": [-0.31066, 1, 3.375],
							"size": [0.62132, 1.5, 0.25],
							"uv": {
								"up": {"uv": [33, 30], "uv_size": [0.5, 0.5]},
								"down": {"uv": [34, 0.5], "uv_size": [0.5, -0.5]}
							}
						},
						{
							"origin": [-0.31066, 1, 3.375],
							"size": [0.62132, 1.5, 0.25],
							"pivot": [0, 1.75, 3.125],
							"rotation": [0, 0, 45],
							"uv": {
								"up": {"uv": [2, 34], "uv_size": [0.5, 0.5]},
								"down": {"uv": [34, 2.5], "uv_size": [0.5, -0.5]}
							}
						},
						{
							"origin": [-1, 1.33579, -3.875],
							"size": [0.25, 0.82842, 2.25],
							"pivot": [0, 1.75, -3.125],
							"rotation": [0, 0, 45],
							"uv": {
								"north": {"uv": [24, 11], "uv_size": [0.5, 1]},
								"east": {"uv": [2, 8], "uv_size": [2.5, 1]},
								"south": {"uv": [14, 24], "uv_size": [0.5, 1]},
								"west": {"uv": [6, 8], "uv_size": [2.5, 1]},
								"down": {"uv": [18, 21.5], "uv_size": [0.5, -2.5]}
							}
						},
						{
							"origin": [0.75, 1.33579, -3.625],
							"size": [0.25, 0.82842, 2],
							"uv": {
								"north": {"uv": [20, 24], "uv_size": [0.5, 1]},
								"east": {"uv": [14, 8], "uv_size": [2, 1]},
								"south": {"uv": [24, 23], "uv_size": [0.5, 1]},
								"west": {"uv": [14, 10], "uv_size": [2, 1]}
							}
						},
						{
							"origin": [0.75, 2.02329, -3.875],
							"size": [0.25, 0.14092, 0.25],
							"uv": {
								"north": {"uv": [34, 4], "uv_size": [0.5, 0.5]},
								"east": {"uv": [34, 6], "uv_size": [0.5, 0.5]},
								"west": {"uv": [8, 34], "uv_size": [0.5, 0.5]}
							}
						},
						{
							"origin": [0.75, 2.02307, -3.875],
							"size": [0.25, 0.26614, 0.73154],
							"pivot": [1, 2.02329, -3.875],
							"rotation": [-70, 0, 0],
							"uv": {
								"north": {"uv": [34, 8], "uv_size": [0.5, 0.5]},
								"east": {"uv": [34, 10], "uv_size": [0.5, 0.5]},
								"west": {"uv": [12, 34], "uv_size": [0.5, 0.5]},
								"up": {"uv": [34, 12], "uv_size": [0.5, 0.5]},
								"down": {"uv": [34, 14.5], "uv_size": [0.5, -0.5]}
							}
						},
						{
							"origin": [-1, 2.02307, -3.875],
							"size": [0.25, 0.26614, 0.73154],
							"pivot": [-1, 2.02329, -3.875],
							"rotation": [-70, 0, 0],
							"uv": {
								"north": {"uv": [18, 34], "uv_size": [0.5, 0.5]},
								"east": {"uv": [34, 22], "uv_size": [0.5, 0.5]},
								"west": {"uv": [34, 24], "uv_size": [0.5, 0.5]},
								"up": {"uv": [26, 34], "uv_size": [0.5, 0.5]},
								"down": {"uv": [34, 26.5], "uv_size": [0.5, -0.5]}
							}
						},
						{
							"origin": [-1, 2.02329, -3.875],
							"size": [0.25, 0.14092, 0.25],
							"uv": {
								"north": {"uv": [28, 34], "uv_size": [0.5, 0.5]},
								"east": {"uv": [34, 28], "uv_size": [0.5, 0.5]},
								"west": {"uv": [30, 34], "uv_size": [0.5, 0.5]}
							}
						},
						{
							"origin": [0.75, 1.33579, -3.625],
							"size": [0.25, 0.82842, 2],
							"pivot": [0, 1.75, -3.125],
							"rotation": [0, 0, 45],
							"uv": {
								"north": {"uv": [0, 25], "uv_size": [0.5, 1]},
								"east": {"uv": [15, 0], "uv_size": [2, 1]},
								"south": {"uv": [4, 25], "uv_size": [0.5, 1]},
								"west": {"uv": [15, 2], "uv_size": [2, 1]}
							}
						},
						{
							"origin": [-0.41421, 2.5, -3.875],
							"size": [0.82842, 0.25, 2.25],
							"uv": {
								"north": {"uv": [6, 25], "uv_size": [1, 0.5]},
								"south": {"uv": [11, 25], "uv_size": [1, 0.5]},
								"up": {"uv": [2, 10], "uv_size": [1, 2.5]},
								"down": {"uv": [4, 12.5], "uv_size": [1, -2.5]}
							}
						},
						{
							"origin": [-0.41421, 2.5, -3.875],
							"size": [0.82842, 0.25, 2.25],
							"pivot": [0, 1.75, -3.125],
							"rotation": [0, 0, 45],
							"uv": {
								"north": {"uv": [16, 25], "uv_size": [1, 0.5]},
								"south": {"uv": [25, 17], "uv_size": [1, 0.5]},
								"west": {"uv": [20, 2], "uv_size": [2.5, 0.5]},
								"up": {"uv": [6, 10], "uv_size": [1, 2.5]},
								"down": {"uv": [10, 8.5], "uv_size": [1, -2.5]}
							}
						},
						{
							"origin": [-0.41421, 0.75, -3.625],
							"size": [0.82842, 0.25, 2],
							"uv": {
								"north": {"uv": [18, 25], "uv_size": [1, 0.5]},
								"south": {"uv": [25, 19], "uv_size": [1, 0.5]},
								"up": {"uv": [0, 15], "uv_size": [1, 2]},
								"down": {"uv": [12, 17], "uv_size": [1, -2]}
							}
						},
						{
							"origin": [-0.41421, 0.75, -3.625],
							"size": [0.82842, 0.25, 2],
							"pivot": [0, 1.75, -3.125],
							"rotation": [0, 0, 45],
							"uv": {
								"north": {"uv": [25, 21], "uv_size": [1, 0.5]},
								"south": {"uv": [22, 25], "uv_size": [1, 0.5]},
								"up": {"uv": [15, 12], "uv_size": [1, 2]},
								"down": {"uv": [14, 17], "uv_size": [1, -2]}
							}
						},
						{
							"origin": [-0.75, 1.25, -3.375],
							"size": [1.5, 1, 0],
							"pivot": [0, 1.75, -2.875],
							"rotation": [0, 0, 45],
							"uv": {
								"north": {"uv": [18, 17], "uv_size": [1.5, 1]},
								"south": {"uv": [19, 5], "uv_size": [1.5, 1]}
							}
						},
						{
							"origin": [-0.5625, 2.25, -3.375],
							"size": [1.125, 0.25, 0],
							"pivot": [0, 1.75, -2.875],
							"rotation": [0, 0, 45],
							"uv": {
								"north": {"uv": [24, 25], "uv_size": [1, 0.5]},
								"south": {"uv": [26, 0], "uv_size": [1, 0.5]}
							}
						},
						{
							"origin": [-0.5625, 1, -3.375],
							"size": [1.125, 0.25, 0],
							"pivot": [0, 1.75, -2.875],
							"rotation": [0, 0, 45],
							"uv": {
								"north": {"uv": [2, 26], "uv_size": [1, 0.5]},
								"south": {"uv": [26, 2], "uv_size": [1, 0.5]}
							}
						},
						{
							"origin": [-1, 1.33579, -3.625],
							"size": [0.25, 0.82842, 2],
							"uv": {
								"north": {"uv": [26, 4], "uv_size": [0.5, 1]},
								"east": {"uv": [15, 4], "uv_size": [2, 1]},
								"south": {"uv": [26, 6], "uv_size": [0.5, 1]},
								"west": {"uv": [2, 16], "uv_size": [2, 1]}
							}
						},
						{
							"origin": [-1.25, 1.4375, 0.5625],
							"size": [0.5, 0.625, 0.625],
							"pivot": [0, 1.75, 0.875],
							"rotation": [45, 0, 0],
							"uv": {
								"north": {"uv": [32, 34], "uv_size": [0.5, 0.5]},
								"south": {"uv": [34, 32], "uv_size": [0.5, 0.5]},
								"west": {"uv": [34, 34], "uv_size": [0.5, 0.5]},
								"up": {"uv": [0, 35], "uv_size": [0.5, 0.5]},
								"down": {"uv": [4, 35.5], "uv_size": [0.5, -0.5]}
							}
						},
						{
							"origin": [-1.6875, 1.375, 0.5],
							"size": [0.5, 0.75, 0.75],
							"pivot": [-0.4375, 1.75, 0.875],
							"rotation": [45, 0, 0],
							"uv": {
								"north": {"uv": [8, 26], "uv_size": [0.5, 1]},
								"east": {"uv": [8, 6], "uv_size": [1, 1]},
								"south": {"uv": [26, 8], "uv_size": [0.5, 1]},
								"west": {"uv": [20, 19], "uv_size": [1, 1]},
								"up": {"uv": [26, 10], "uv_size": [0.5, 1]},
								"down": {"uv": [26, 13], "uv_size": [0.5, -1]}
							}
						},
						{
							"origin": [-0.3125, 3.375, 0.875],
							"size": [0.625, 0.25, 0.625],
							"pivot": [0, 3.5, 1.1875],
							"rotation": [0, -22.5, 0],
							"uv": {
								"north": {"uv": [6, 35], "uv_size": [0.5, 0.5]},
								"east": {"uv": [10, 35], "uv_size": [0.5, 0.5]},
								"south": {"uv": [14, 35], "uv_size": [0.5, 0.5]},
								"west": {"uv": [16, 35], "uv_size": [0.5, 0.5]},
								"up": {"uv": [35, 16], "uv_size": [0.5, 0.5]},
								"down": {"uv": [35, 18.5], "uv_size": [0.5, -0.5]}
							}
						},
						{
							"origin": [-0.20711, 2.0625, 0.6875],
							"size": [0.41422, 1, 1],
							"pivot": [0, 2.5625, 1.1875],
							"rotation": [0, -45, 0],
							"uv": {
								"north": {"uv": [13, 26], "uv_size": [0.5, 1]},
								"south": {"uv": [26, 14], "uv_size": [0.5, 1]},
								"up": {"uv": [20, 26], "uv_size": [0.5, 1]},
								"down": {"uv": [26, 24], "uv_size": [0.5, -1]}
							}
						},
						{
							"origin": [-0.20711, 2.0625, 0.6875],
							"size": [0.41422, 1, 1],
							"uv": {
								"north": {"uv": [26, 25], "uv_size": [0.5, 1]},
								"south": {"uv": [0, 27], "uv_size": [0.5, 1]},
								"up": {"uv": [4, 27], "uv_size": [0.5, 1]}
							}
						},
						{
							"origin": [-0.5, 2.0625, 0.98039],
							"size": [1, 1, 0.41422],
							"pivot": [0, 2.5625, 1.1875],
							"rotation": [0, -45, 0],
							"uv": {
								"east": {"uv": [6, 27], "uv_size": [0.5, 1]},
								"west": {"uv": [10, 27], "uv_size": [0.5, 1]},
								"up": {"uv": [15, 27], "uv_size": [1, 0.5]},
								"down": {"uv": [27, 16.5], "uv_size": [1, -0.5]}
							}
						},
						{
							"origin": [-0.25888, 2.375, 1.25],
							"size": [0.51776, 1.25, 0.3125],
							"pivot": [0, 3, 1.1875],
							"rotation": [90, -45, 0],
							"uv": {
								"north": {"uv": [21, 13], "uv_size": [0.5, 1.5]},
								"east": {"uv": [21, 16], "uv_size": [0.5, 1.5]},
								"south": {"uv": [20, 21], "uv_size": [0.5, 1.5]},
								"west": {"uv": [0, 22], "uv_size": [0.5, 1.5]},
								"up": {"uv": [20, 35], "uv_size": [0.5, 0.5]},
								"down": {"uv": [35, 20.5], "uv_size": [0.5, -0.5]}
							}
						},
						{
							"origin": [-0.25888, 2.375, 1.25],
							"size": [0.51776, 1.25, 0.3125],
							"pivot": [0, 3, 1.1875],
							"rotation": [90, 0, 0],
							"uv": {
								"north": {"uv": [22, 4], "uv_size": [0.5, 1.5]},
								"east": {"uv": [5, 22], "uv_size": [0.5, 1.5]},
								"south": {"uv": [7, 22], "uv_size": [0.5, 1.5]},
								"west": {"uv": [12, 22], "uv_size": [0.5, 1.5]},
								"up": {"uv": [22, 35], "uv_size": [0.5, 0.5]},
								"down": {"uv": [24, 35.5], "uv_size": [0.5, -0.5]}
							}
						},
						{
							"origin": [-0.625, 2.74112, 1.25],
							"size": [1.25, 0.51776, 0.3125],
							"pivot": [0, 3, 1.1875],
							"rotation": [90, 0, 0],
							"uv": {
								"north": {"uv": [14, 22], "uv_size": [1.5, 0.5]},
								"east": {"uv": [35, 30], "uv_size": [0.5, 0.5]},
								"south": {"uv": [22, 19], "uv_size": [1.5, 0.5]},
								"west": {"uv": [36, 0], "uv_size": [0.5, 0.5]},
								"up": {"uv": [22, 21], "uv_size": [1.5, 0.5]},
								"down": {"uv": [23, 7.5], "uv_size": [1.5, -0.5]}
							}
						},
						{
							"origin": [-0.625, 2.74112, 1.25],
							"size": [1.25, 0.51776, 0.3125],
							"pivot": [0, 3, 1.1875],
							"rotation": [90, -45, 0],
							"uv": {
								"north": {"uv": [23, 9], "uv_size": [1.5, 0.5]},
								"east": {"uv": [2, 36], "uv_size": [0.5, 0.5]},
								"south": {"uv": [23, 13], "uv_size": [1.5, 0.5]},
								"west": {"uv": [36, 2], "uv_size": [0.5, 0.5]},
								"up": {"uv": [23, 15], "uv_size": [1.5, 0.5]},
								"down": {"uv": [17, 23.5], "uv_size": [1.5, -0.5]}
							}
						},
						{
							"origin": [-0.5, 2.0625, 0.98039],
							"size": [1, 1, 0.41422],
							"uv": {
								"east": {"uv": [17, 27], "uv_size": [0.5, 1]},
								"west": {"uv": [27, 18], "uv_size": [0.5, 1]},
								"up": {"uv": [27, 20], "uv_size": [1, 0.5]}
							}
						}
					]
				},
				{
					"name": "ocular_ring",
					"pivot": [0, 1.75, 3.1875],
					"cubes": [
						{
							"origin": [-0.38833, 0.8125, 3.5625],
							"size": [0.77666, 0.25, 0.375],
							"pivot": [0, 1.75, 4.0625],
							"rotation": [0, 0, 45],
							"uv": {
								"north": {"uv": [22, 27], "uv_size": [1, 0.5]},
								"south": {"uv": [24, 27], "uv_size": [1, 0.5]},
								"up": {"uv": [26, 27], "uv_size": [1, 0.5]},
								"down": {"uv": [28, 0.5], "uv_size": [1, -0.5]}
							}
						},
						{
							"origin": [-0.38833, 0.8125, 3.5625],
							"size": [0.77666, 0.25, 0.375],
							"uv": {
								"north": {"uv": [2, 28], "uv_size": [1, 0.5]},
								"south": {"uv": [28, 2], "uv_size": [1, 0.5]},
								"up": {"uv": [28, 4], "uv_size": [1, 0.5]},
								"down": {"uv": [28, 6.5], "uv_size": [1, -0.5]}
							}
						},
						{
							"origin": [-0.38833, 2.4375, 3.5625],
							"size": [0.77666, 0.25, 0.375],
							"pivot": [0, 1.75, 4.0625],
							"rotation": [0, 0, 45],
							"uv": {
								"north": {"uv": [8, 28], "uv_size": [1, 0.5]},
								"south": {"uv": [28, 8], "uv_size": [1, 0.5]},
								"up": {"uv": [28, 10], "uv_size": [1, 0.5]},
								"down": {"uv": [12, 28.5], "uv_size": [1, -0.5]}
							}
						},
						{
							"origin": [-0.38833, 2.4375, 3.5625],
							"size": [0.77666, 0.25, 0.375],
							"uv": {
								"north": {"uv": [28, 12], "uv_size": [1, 0.5]},
								"south": {"uv": [28, 14], "uv_size": [1, 0.5]},
								"up": {"uv": [19, 28], "uv_size": [1, 0.5]},
								"down": {"uv": [28, 22.5], "uv_size": [1, -0.5]}
							}
						},
						{
							"origin": [-0.13833, 2.4375, 3.5625],
							"size": [0.27666, 0.25, 0.375],
							"pivot": [0, 1.75, 4.0625],
							"rotation": [0, 0, -22.5],
							"uv": {
								"north": {"uv": [36.5, 6], "uv_size": [0.5, 0.5]},
								"south": {"uv": [36.5, 8], "uv_size": [0.5, 0.5]},
								"down": {"uv": [36.5, 9.5], "uv_size": [0.5, -0.5]}
							}
						},
						{
							"origin": [-0.13833, 2.4375, 3.5625],
							"size": [0.27666, 0.25, 0.375],
							"pivot": [0, 1.75, 4.0625],
							"rotation": [0, 0, 157.5],
							"uv": {
								"north": {"uv": [38.5, 7], "uv_size": [0.5, 0.5]},
								"south": {"uv": [38.5, 8], "uv_size": [0.5, 0.5]},
								"down": {"uv": [38.5, 9.5], "uv_size": [0.5, -0.5]}
							}
						},
						{
							"origin": [-0.13833, 2.4375, 3.5625],
							"size": [0.27666, 0.25, 0.375],
							"pivot": [0, 1.75, 3.75],
							"rotation": [0, 0, 112.5],
							"uv": {
								"north": {"uv": [40.5, 6], "uv_size": [0.5, 0.5]},
								"south": {"uv": [36.5, 11], "uv_size": [0.5, 0.5]},
								"down": {"uv": [37.5, 11.5], "uv_size": [0.5, -0.5]}
							}
						},
						{
							"origin": [-0.13833, 2.4375, 3.5625],
							"size": [0.27666, 0.25, 0.375],
							"pivot": [0, 1.75, 3.75],
							"rotation": [0, 0, -67.5],
							"uv": {
								"north": {"uv": [36.5, 10], "uv_size": [0.5, 0.5]},
								"south": {"uv": [38.5, 10], "uv_size": [0.5, 0.5]},
								"down": {"uv": [35.5, 11.5], "uv_size": [0.5, -0.5]}
							}
						},
						{
							"origin": [-0.13833, 2.4375, 3.5625],
							"size": [0.27666, 0.25, 0.375],
							"pivot": [0, 1.75, 3.75],
							"rotation": [0, 0, 67.5],
							"uv": {
								"north": {"uv": [39.5, 11], "uv_size": [0.5, 0.5]},
								"south": {"uv": [40.5, 10], "uv_size": [0.5, 0.5]},
								"down": {"uv": [40.5, 11.5], "uv_size": [0.5, -0.5]}
							}
						},
						{
							"origin": [-0.13833, 2.4375, 3.5625],
							"size": [0.27666, 0.25, 0.375],
							"pivot": [0, 1.75, 3.75],
							"rotation": [0, 0, -112.5],
							"uv": {
								"north": {"uv": [40.5, 8], "uv_size": [0.5, 0.5]},
								"south": {"uv": [38.5, 11], "uv_size": [0.5, 0.5]},
								"down": {"uv": [40.5, 9.5], "uv_size": [0.5, -0.5]}
							}
						},
						{
							"origin": [-0.13833, 2.4375, 3.5625],
							"size": [0.27666, 0.25, 0.375],
							"pivot": [0, 1.75, 3.75],
							"rotation": [0, 0, 22.5],
							"uv": {
								"north": {"uv": [36.5, 13], "uv_size": [0.5, 0.5]},
								"south": {"uv": [42.5, 7], "uv_size": [0.5, 0.5]},
								"down": {"uv": [37.5, 13.5], "uv_size": [0.5, -0.5]}
							}
						},
						{
							"origin": [-0.13833, 2.4375, 3.5625],
							"size": [0.27666, 0.25, 0.375],
							"pivot": [0, 1.75, 3.75],
							"rotation": [0, 0, -157.5],
							"uv": {
								"north": {"uv": [36.5, 12], "uv_size": [0.5, 0.5]},
								"south": {"uv": [41.5, 9], "uv_size": [0.5, 0.5]},
								"down": {"uv": [41.5, 11.5], "uv_size": [0.5, -0.5]}
							}
						},
						{
							"origin": [0.6875, 1.36167, 3.5625],
							"size": [0.25, 0.77666, 0.375],
							"pivot": [0, 1.75, 4.0625],
							"rotation": [0, 0, 45],
							"uv": {
								"north": {"uv": [28, 24], "uv_size": [0.5, 1]},
								"east": {"uv": [28, 26], "uv_size": [0.5, 1]},
								"south": {"uv": [28, 28], "uv_size": [0.5, 1]},
								"west": {"uv": [0, 29], "uv_size": [0.5, 1]}
							}
						},
						{
							"origin": [0.6875, 1.36167, 3.5625],
							"size": [0.25, 0.77666, 0.375],
							"uv": {
								"north": {"uv": [4, 29], "uv_size": [0.5, 1]},
								"east": {"uv": [6, 29], "uv_size": [0.5, 1]},
								"south": {"uv": [10, 29], "uv_size": [0.5, 1]},
								"west": {"uv": [14, 29], "uv_size": [0.5, 1]}
							}
						},
						{
							"origin": [-0.9375, 1.36167, 3.5625],
							"size": [0.25, 0.77666, 0.375],
							"pivot": [0, 1.75, 4.0625],
							"rotation": [0, 0, 45],
							"uv": {
								"north": {"uv": [16, 29], "uv_size": [0.5, 1]},
								"east": {"uv": [29, 16], "uv_size": [0.5, 1]},
								"south": {"uv": [29, 18], "uv_size": [0.5, 1]},
								"west": {"uv": [29, 20], "uv_size": [0.5, 1]}
							}
						},
						{
							"origin": [-0.9375, 1.36167, 3.5625],
							"size": [0.25, 0.77666, 0.375],
							"uv": {
								"north": {"uv": [21, 29], "uv_size": [0.5, 1]},
								"east": {"uv": [23, 29], "uv_size": [0.5, 1]},
								"south": {"uv": [25, 29], "uv_size": [0.5, 1]},
								"west": {"uv": [30, 0], "uv_size": [0.5, 1]}
							}
						}
					]
				},
				{
					"name": "ocular",
					"pivot": [0, 1.75, -4.5],
					"cubes": [
						{
							"origin": [-0.75, 1.25, 3.6875],
							"size": [1.5, 1, 0],
							"pivot": [0, 1.75, 3.1875],
							"rotation": [0, 0, 45],
							"uv": {
								"south": {"uv": [5, 1], "uv_size": [1.5, 1]}
							}
						},
						{
							"origin": [-0.5625, 2.25, 3.6875],
							"size": [1.125, 0.25, 0],
							"pivot": [0, 1.75, 3.1875],
							"rotation": [0, 0, 45],
							"uv": {
								"south": {"uv": [1, 1], "uv_size": [1, 0.5]}
							}
						},
						{
							"origin": [-0.5625, 1, 3.6875],
							"size": [1.125, 0.25, 0],
							"pivot": [0, 1.75, 3.1875],
							"rotation": [0, 0, 45],
							"uv": {
								"south": {"uv": [3, 0], "uv_size": [1, 0.5]}
							}
						}
					]
				},
				{
					"name": "division",
					"pivot": [0, -24, -24],
					"cubes": [
						{
							"origin": [-8, -6.25, -22.125],
							"size": [16, 16, 0],
							"uv": {
								"south": {"uv": [64, 0], "uv_size": [192, 192]}
							}
						},
						{
							"origin": [8, -22.25, -22.125],
							"size": [24, 48, 0],
							"uv": {
								"south": {"uv": [36, 4], "uv_size": [1.5, 1.5]}
							}
						},
						{
							"origin": [-32, -22.25, -22.125],
							"size": [24, 48, 0],
							"uv": {
								"south": {"uv": [36, 4], "uv_size": [1.5, 1.5]}
							}
						},
						{
							"origin": [-8, 9.75, -22.125],
							"size": [16, 16, 0],
							"uv": {
								"south": {"uv": [36, 4], "uv_size": [1.5, 1.5]}
							}
						},
						{
							"origin": [-8, -22.25, -22.125],
							"size": [16, 16, 0],
							"uv": {
								"south": {"uv": [36, 4], "uv_size": [1.5, 1.5]}
							}
						},
						{
							"origin": [-0.03125, -0.625, -22],
							"size": [0.0625, 4.75, 0],
							"uv": {
								"south": {"uv": [3, 1], "uv_size": [0.5, 2.5]}
							}
						},
						{
							"origin": [-0.03125, -0.625, -22],
							"size": [0.0625, 4.75, 0],
							"pivot": [0, 1.75, -23],
							"rotation": [0, 0, -90],
							"uv": {
								"south": {"uv": [5, 2], "uv_size": [0.5, 2.5]}
							}
						},
						{
							"origin": [-0.15625, -6.3125, -22],
							"size": [0.3125, 5.625, 0],
							"pivot": [0, 1.75, -22],
							"rotation": [0, 0, -90],
							"uv": {
								"south": {"uv": [1, 2], "uv_size": [0.5, 6.5]}
							}
						},
						{
							"origin": [-1.83406, -0.08406, -22],
							"size": [0.22097, 0.22097, 0],
							"pivot": [0, 1.75, -22],
							"rotation": [0, 0, -135],
							"uv": {
								"south": {"uv": [1, 0], "uv_size": [0.5, 0.5]}
							}
						},
						{
							"origin": [-0.15625, -6.3125, -22],
							"size": [0.3125, 5.625, 0],
							"pivot": [0, 1.75, -22],
							"rotation": [0, 0, 90],
							"uv": {
								"south": {"uv": [5, 7], "uv_size": [0.5, 6.5]}
							}
						},
						{
							"origin": [1.61309, -0.08406, -22],
							"size": [0.22097, 0.22097, 0],
							"pivot": [0, 1.75, -22],
							"rotation": [0, 0, 135],
							"uv": {
								"south": {"uv": [3, 4], "uv_size": [0.5, 0.5]}
							}
						},
						{
							"origin": [-0.15625, -6.3125, -22],
							"size": [0.3125, 5.625, 0],
							"uv": {
								"south": {"uv": [1, 9], "uv_size": [0.5, 6.5]}
							}
						},
						{
							"origin": [1.61309, -0.08406, -22],
							"size": [0.22097, 0.22097, 0],
							"pivot": [0, 1.75, -22],
							"rotation": [0, 0, 45],
							"uv": {
								"south": {"uv": [5, 0], "uv_size": [0.5, 0.5]}
							}
						},
						{
							"origin": [-1.83406, -0.08406, -22],
							"size": [0.22097, 0.22097, 0],
							"pivot": [0, 1.75, -22],
							"rotation": [0, 0, 135],
							"uv": {
								"south": {"uv": [2, 5], "uv_size": [0.5, 0.5]}
							}
						},
						{
							"origin": [-0.15625, -6.3125, -22],
							"size": [0.3125, 5.625, 0],
							"pivot": [0, 1.75, -22],
							"rotation": [0, 0, -180],
							"uv": {
								"south": {"uv": [7, 9], "uv_size": [0.5, 6.5]}
							}
						}
					]
				},
				{
					"name": "scope_view",
					"pivot": [0, 1.75, 6.75]
				}
			]
		}
	]
}