{
  "apply_to_all_new_campfires_in_the_world_not_only_when_placed_or_broken_by_something_or_someone_PERFORMANCE_INTENSIVE": false,
  "campfires_can_burn_out": true,
  "can_check_burn_out_time_left": true,
  "campfires_burn_out_time": 12000,
  "campfires_extinguish_by_rain": true,
  "campfires_extinguish_by_rain_time": 180,
  "campfires_extinguish_by_snow": true,
  "campfires_extinguish_by_snow_time": 1200,
  "campfires_can_buff": true,
  "campfires_can_buff_for_non_hostile_mobs": true,
  "campfires_can_buff_for_hostile_mobs": true,
  "campfires_can_burn_hostile_mobs_based_on_buff_radius": true,
  "buff_radius": 7,
  "buff_check_interval": 30,
  "campfires_can_cook": true,
  "cook_radius": 4,
  "cook_check_interval": 20,
  "buffs": [
    {
      "effect": "minecraft:regeneration",
      "duration": 200,
      "amplifier": 0
    },
    {
      "effect": "minecraft:resistance",
      "duration": 200,
      "amplifier": 0
    }
  ],
  "hostile_mob_buffs": [
    {
      "effect": "minecraft:weakness",
      "duration": 100,
      "amplifier": 0
    },
    {
      "effect": "minecraft:slowness",
      "duration": 100,
      "amplifier": 0
    }
  ],
  "cookable_items": [
    {
      "rawItem": "minecraft:cod",
      "cookTime": 200,
      "cookedItem": "minecraft:cooked_cod"
    },
    {
      "rawItem": "minecraft:salmon",
      "cookTime": 150,
      "cookedItem": "minecraft:cooked_salmon"
    },
    {
      "rawItem": "minecraft:beef",
      "cookTime": 300,
      "cookedItem": "minecraft:cooked_beef"
    },
    {
      "rawItem": "minecraft:chicken",
      "cookTime": 200,
      "cookedItem": "minecraft:cooked_chicken"
    },
    {
      "rawItem": "minecraft:mutton",
      "cookTime": 200,
      "cookedItem": "minecraft:cooked_mutton"
    },
    {
      "rawItem": "minecraft:porkchop",
      "cookTime": 250,
      "cookedItem": "minecraft:cooked_porkchop"
    },
    {
      "rawItem": "minecraft:rabbit",
      "cookTime": 200,
      "cookedItem": "minecraft:cooked_rabbit"
    },
    {
      "rawItem": "minecraft:potato",
      "cookTime": 100,
      "cookedItem": "minecraft:baked_potato"
    },
    {
      "rawItem": "minecraft:grass_block",
      "cookTime": 200,
      "cookedItem": "minecraft:dirt"
    }
  ],
  "campfire_fuels": [
    {
      "fuelId": "minecraft:stick",
      "addBurnTime": 100
    },
    {
      "fuelId": "minecraft:oak_log",
      "addBurnTime": 800
    },
    {
      "fuelId": "minecraft:birch_log",
      "addBurnTime": 800
    },
    {
      "fuelId": "minecraft:spruce_log",
      "addBurnTime": 800
    },
    {
      "fuelId": "minecraft:jungle_log",
      "addBurnTime": 800
    },
    {
      "fuelId": "minecraft:acacia_log",
      "addBurnTime": 800
    },
    {
      "fuelId": "minecraft:dark_oak_log",
      "addBurnTime": 800
    },
    {
      "fuelId": "minecraft:oak_planks",
      "addBurnTime": 200
    },
    {
      "fuelId": "minecraft:birch_planks",
      "addBurnTime": 200
    },
    {
      "fuelId": "minecraft:spruce_planks",
      "addBurnTime": 200
    },
    {
      "fuelId": "minecraft:jungle_planks",
      "addBurnTime": 200
    },
    {
      "fuelId": "minecraft:acacia_planks",
      "addBurnTime": 200
    },
    {
      "fuelId": "minecraft:dark_oak_planks",
      "addBurnTime": 200
    },
    {
      "fuelId": "minecraft:coal",
      "addBurnTime": 1200
    },
    {
      "fuelId": "minecraft:charcoal",
      "addBurnTime": 1200
    },
    {
      "fuelId": "minecraft:coal_block",
      "addBurnTime": 9600
    }
  ]
}