{
	"format_version": "1.12.0",
	"minecraft:geometry": [
		{
			"description": {
				"identifier": "geometry.aa_12",
				"texture_width": 64,
				"texture_height": 64,
				"visible_bounds_width": 4,
				"visible_bounds_height": 2.5,
				"visible_bounds_offset": [0, 0.75, 0]
			},
			"bones": [
				{
					"name": "positioning",
					"pivot": [0, 0, -8]
				},
				{
					"name": "thirdperson_hand",
					"parent": "positioning",
					"pivot": [0, 8.05, 2.425]
				},
				{
					"name": "ground",
					"parent": "positioning",
					"pivot": [0, 0.1, -0.725]
				},
				{
					"name": "fixed",
					"parent": "positioning",
					"pivot": [0.9, 11.025, -0.325],
					"rotation": [0, 90, 0]
				},
				{
					"name": "lod",
					"pivot": [0, 22, 4],
					"cubes": [
						{
							"origin": [-1, 7.72762, 7.80833],
							"size": [2, 2.5625, 9.625],
							"inflate": 0.003,
							"pivot": [0, 10.47762, 16.43333],
							"rotation": [-15, 0, 0],
							"uv": {
								"north": {"uv": [46, 34], "uv_size": [2, 2.5]},
								"east": {"uv": [22, 14], "uv_size": [9.5, 2.5]},
								"south": {"uv": [47, 0], "uv_size": [2, 2.5]},
								"west": {"uv": [22, 18], "uv_size": [9.5, 2.5]},
								"up": {"uv": [25, 28], "uv_size": [2, 9.5]},
								"down": {"uv": [28, 37.5], "uv_size": [2, -9.5]}
							}
						},
						{
							"origin": [-1, 9.8125, -18.4375],
							"size": [2, 2.6875, 35.125],
							"inflate": 0.002,
							"uv": {
								"north": {"uv": [12, 47], "uv_size": [2, 2.5]},
								"east": {"uv": [0, 0], "uv_size": [35, 2.5]},
								"south": {"uv": [15, 47], "uv_size": [2, 2.5]},
								"west": {"uv": [0, 4], "uv_size": [35, 2.5]},
								"up": {"uv": [0, 8], "uv_size": [2, 35]},
								"down": {"uv": [3, 43], "uv_size": [2, -35]}
							}
						},
						{
							"origin": [-1, 11, 8.875],
							"size": [2, 1.3125, 9.125],
							"inflate": 0.004,
							"uv": {
								"north": {"uv": [45, 51], "uv_size": [2, 1.5]},
								"east": {"uv": [37.5, 61.5], "uv_size": [14, 2.5]},
								"south": {"uv": [48, 51], "uv_size": [2, 1.5]},
								"west": {"uv": [37.5, 61.5], "uv_size": [14, 2.5]},
								"up": {"uv": [21, 35], "uv_size": [2, 9]},
								"down": {"uv": [12, 46], "uv_size": [2, -9]}
							}
						},
						{
							"origin": [-1.1875, 9.8125, -20.4375],
							"size": [2.375, 1.1875, 5.25],
							"inflate": 0.002,
							"uv": {
								"north": {"uv": [52, 18], "uv_size": [2.5, 1]},
								"east": {"uv": [45, 18], "uv_size": [5.5, 1]},
								"south": {"uv": [53, 0], "uv_size": [2.5, 1]},
								"west": {"uv": [46, 20], "uv_size": [5.5, 1]},
								"up": {"uv": [40, 0], "uv_size": [2.5, 5.5]},
								"down": {"uv": [15, 45.5], "uv_size": [2.5, -5.5]}
							}
						},
						{
							"origin": [-0.625, 9.875, -20.625],
							"size": [1.625, 1.625, 1.875],
							"pivot": [0, 10.5, 13.5],
							"rotation": [0, 0, -45],
							"uv": {
								"north": {"uv": [30, 53], "uv_size": [1.5, 1.5]},
								"east": {"uv": [42, 50], "uv_size": [2, 1.5]},
								"south": {"uv": [53, 31], "uv_size": [1.5, 1.5]},
								"west": {"uv": [50, 43], "uv_size": [2, 1.5]},
								"up": {"uv": [12, 51], "uv_size": [1.5, 2]},
								"down": {"uv": [15, 53], "uv_size": [1.5, -2]}
							}
						},
						{
							"origin": [-0.375, 10.125, -22.9375],
							"size": [1.125, 1.125, 3.125],
							"pivot": [0, 10.5, 11.1875],
							"rotation": [0, 0, -45],
							"uv": {
								"north": {"uv": [55, 4], "uv_size": [1, 1]},
								"east": {"uv": [50, 46], "uv_size": [3, 1]},
								"south": {"uv": [55, 6], "uv_size": [1, 1]},
								"west": {"uv": [24, 51], "uv_size": [3, 1]},
								"up": {"uv": [28, 51], "uv_size": [1, 3]},
								"down": {"uv": [36, 54], "uv_size": [1, -3]}
							}
						},
						{
							"origin": [-0.5, 14.125, -7.4375],
							"size": [1, 0.75, 11.75],
							"uv": {
								"north": {"uv": [54, 51], "uv_size": [1, 1]},
								"east": {"uv": [33, 20], "uv_size": [12, 1]},
								"south": {"uv": [53, 54], "uv_size": [1, 1]},
								"west": {"uv": [41, 22], "uv_size": [12, 1]},
								"up": {"uv": [19, 40], "uv_size": [1, 12]},
								"down": {"uv": [40, 53], "uv_size": [1, -12]}
							}
						},
						{
							"origin": [-0.625, 18.9734, -9.35978],
							"size": [1.25, 0.4375, 2.75],
							"pivot": [0, 15.4109, 2.14022],
							"rotation": [30, 0, 0],
							"uv": {
								"north": {"uv": [56, 2], "uv_size": [1.5, 0.5]},
								"east": {"uv": [54, 22], "uv_size": [3, 0.5]},
								"south": {"uv": [4, 56], "uv_size": [1.5, 0.5]},
								"west": {"uv": [54, 24], "uv_size": [3, 0.5]},
								"up": {"uv": [36, 47], "uv_size": [1.5, 3]},
								"down": {"uv": [47, 41], "uv_size": [1.5, -3]}
							}
						},
						{
							"origin": [-0.625, 13.25, -7.4375],
							"size": [1.25, 1.25, 14.375],
							"uv": {
								"north": {"uv": [24, 53], "uv_size": [1.5, 1.5]},
								"east": {"uv": [25, 22], "uv_size": [14.5, 1.5]},
								"south": {"uv": [53, 28], "uv_size": [1.5, 1.5]},
								"west": {"uv": [25, 25], "uv_size": [14.5, 1.5]},
								"up": {"uv": [15, 24], "uv_size": [1.5, 14.5]},
								"down": {"uv": [18, 38.5], "uv_size": [1.5, -14.5]}
							}
						},
						{
							"origin": [-0.625, 14.1875, 4.875],
							"size": [1.25, 0.875, 1.8125],
							"inflate": -0.001,
							"pivot": [0, 14.78125, 5.65625],
							"rotation": [-13, 0, 0],
							"uv": {
								"north": {"uv": [44, 54], "uv_size": [1.5, 1]},
								"east": {"uv": [12, 54], "uv_size": [2, 1]},
								"south": {"uv": [54, 45], "uv_size": [1.5, 1]},
								"west": {"uv": [15, 54], "uv_size": [2, 1]},
								"up": {"uv": [52, 9], "uv_size": [1.5, 2]},
								"down": {"uv": [52, 50], "uv_size": [1.5, -2]}
							}
						},
						{
							"origin": [-0.625, 13.0625, -6.5],
							"size": [1.25, 0.5625, 1.1875],
							"uv": {
								"north": {"uv": [56, 12], "uv_size": [1.5, 0.5]},
								"east": {"uv": [56, 28], "uv_size": [1, 0.5]},
								"south": {"uv": [13, 56], "uv_size": [1.5, 0.5]},
								"west": {"uv": [30, 56], "uv_size": [1, 0.5]},
								"up": {"uv": [54, 26], "uv_size": [1.5, 1]},
								"down": {"uv": [33, 55], "uv_size": [1.5, -1]}
							}
						},
						{
							"origin": [-1, 13.0625, -7.75],
							"size": [2.0625, 0.5625, 1.25],
							"uv": {
								"north": {"uv": [27, 55], "uv_size": [2, 0.5]},
								"east": {"uv": [56, 14], "uv_size": [1.5, 0.5]},
								"south": {"uv": [55, 34], "uv_size": [2, 0.5]},
								"west": {"uv": [16, 56], "uv_size": [1.5, 0.5]},
								"up": {"uv": [51, 51], "uv_size": [2, 1.5]},
								"down": {"uv": [52, 7.5], "uv_size": [2, -1.5]}
							}
						},
						{
							"origin": [-0.5, 13.0625, -18.25],
							"size": [1.0625, 2, 1.0625],
							"uv": {
								"north": {"uv": [53, 39], "uv_size": [1, 2]},
								"east": {"uv": [42, 53], "uv_size": [1, 2]},
								"south": {"uv": [53, 42], "uv_size": [1, 2]},
								"west": {"uv": [0, 54], "uv_size": [1, 2]},
								"up": {"uv": [36, 55], "uv_size": [1, 1]},
								"down": {"uv": [55, 37], "uv_size": [1, -1]}
							}
						},
						{
							"origin": [-0.1875, 13.0625, 16.75],
							"size": [0.4375, 1, 1.0625],
							"uv": {
								"north": {"uv": [56, 30], "uv_size": [0.5, 1]},
								"east": {"uv": [55, 55], "uv_size": [1, 1]},
								"south": {"uv": [32, 56], "uv_size": [0.5, 1]},
								"west": {"uv": [2, 56], "uv_size": [1, 1]},
								"up": {"uv": [56, 32], "uv_size": [0.5, 1]},
								"down": {"uv": [34, 57], "uv_size": [0.5, -1]}
							}
						},
						{
							"origin": [-0.74031, 14.39396, -18.25],
							"size": [0.7513, 0.7513, 1.0625],
							"pivot": [-0.52026, 15.39396, -17.71875],
							"rotation": [0, 0, -45],
							"uv": {
								"north": {"uv": [55, 38], "uv_size": [1, 1]},
								"east": {"uv": [55, 40], "uv_size": [1, 1]},
								"south": {"uv": [55, 42], "uv_size": [1, 1]},
								"west": {"uv": [55, 47], "uv_size": [1, 1]},
								"up": {"uv": [55, 49], "uv_size": [1, 1]},
								"down": {"uv": [55, 54], "uv_size": [1, -1]}
							}
						},
						{
							"origin": [-0.875, 0.875, -4.25],
							"size": [1.75, 8.875, 3.6875],
							"pivot": [0, 11.15625, -0.875],
							"rotation": [-5, 0, 0],
							"uv": {
								"north": {"uv": [31, 28], "uv_size": [2, 9]},
								"east": {"uv": [12, 14], "uv_size": [3.5, 9]},
								"south": {"uv": [34, 28], "uv_size": [2, 9]},
								"west": {"uv": [17, 14], "uv_size": [3.5, 9]},
								"up": {"uv": [3, 44], "uv_size": [2, 3.5]},
								"down": {"uv": [21, 48.5], "uv_size": [2, -3.5]}
							}
						},
						{
							"origin": [-1, 9.0625, -20.625],
							"size": [2, 0.75, 11.4375],
							"uv": {
								"north": {"uv": [53, 2], "uv_size": [2, 1]},
								"east": {"uv": [41, 24], "uv_size": [11.5, 1]},
								"south": {"uv": [53, 20], "uv_size": [2, 1]},
								"west": {"uv": [41, 26], "uv_size": [11.5, 1]},
								"up": {"uv": [22, 22], "uv_size": [2, 11.5]},
								"down": {"uv": [12, 35.5], "uv_size": [2, -11.5]}
							}
						},
						{
							"origin": [-1, 8.4375, -1.0625],
							"size": [2, 1.375, 6.1875],
							"inflate": 0.001,
							"uv": {
								"north": {"uv": [21, 50], "uv_size": [2, 1.5]},
								"east": {"uv": [45, 6], "uv_size": [6, 1.5]},
								"south": {"uv": [50, 28], "uv_size": [2, 1.5]},
								"west": {"uv": [45, 9], "uv_size": [6, 1.5]},
								"up": {"uv": [40, 34], "uv_size": [2, 6]},
								"down": {"uv": [37, 46], "uv_size": [2, -6]}
							}
						},
						{
							"origin": [-0.3125, 6.5, -1.0625],
							"size": [0.625, 1.9375, 4.1875],
							"uv": {
								"north": {"uv": [49, 54], "uv_size": [0.5, 2]},
								"east": {"uv": [45, 12], "uv_size": [4, 2]},
								"south": {"uv": [51, 54], "uv_size": [0.5, 2]},
								"west": {"uv": [45, 15], "uv_size": [4, 2]},
								"up": {"uv": [38, 51], "uv_size": [0.5, 4]},
								"down": {"uv": [53, 38], "uv_size": [0.5, -4]}
							}
						},
						{
							"origin": [-0.5625, 1.83093, -1.61366],
							"size": [1.0625, 0.5, 6.5],
							"pivot": [0, 1.89343, 1.57384],
							"rotation": [14.5, 0, 0],
							"uv": {
								"north": {"uv": [56, 18], "uv_size": [1, 0.5]},
								"east": {"uv": [47, 4], "uv_size": [6.5, 0.5]},
								"south": {"uv": [19, 56], "uv_size": [1, 0.5]},
								"west": {"uv": [50, 16], "uv_size": [6.5, 0.5]},
								"up": {"uv": [45, 40], "uv_size": [1, 6.5]},
								"down": {"uv": [34, 52.5], "uv_size": [1, -6.5]}
							}
						},
						{
							"origin": [-1, 1.9375, 2.9375],
							"size": [2, 6.5625, 2.5],
							"pivot": [0, 6.8125, 2.34375],
							"rotation": [22.5, 0, 0],
							"uv": {
								"north": {"uv": [34, 38], "uv_size": [2, 6.5]},
								"east": {"uv": [36, 0], "uv_size": [2.5, 6.5]},
								"south": {"uv": [28, 39], "uv_size": [2, 6.5]},
								"west": {"uv": [24, 39], "uv_size": [2.5, 6.5]},
								"up": {"uv": [24, 47], "uv_size": [2, 2.5]},
								"down": {"uv": [27, 49.5], "uv_size": [2, -2.5]}
							}
						},
						{
							"origin": [-1, 10.42375, 3.73273],
							"size": [2, 1.375, 2],
							"pivot": [0, 11.11125, 6.82648],
							"rotation": [45, 0, 0],
							"uv": {
								"north": {"uv": [30, 50], "uv_size": [2, 1.5]},
								"east": {"uv": [50, 31], "uv_size": [2, 1.5]},
								"south": {"uv": [50, 37], "uv_size": [2, 1.5]},
								"west": {"uv": [50, 40], "uv_size": [2, 1.5]},
								"up": {"uv": [47, 45], "uv_size": [2, 2]},
								"down": {"uv": [45, 50], "uv_size": [2, -2]}
							}
						},
						{
							"origin": [-1, 7.5625, 16.6875],
							"size": [2, 4.9375, 2.125],
							"inflate": 0.001,
							"uv": {
								"north": {"uv": [42, 41], "uv_size": [2, 5]},
								"east": {"uv": [43, 34], "uv_size": [2, 5]},
								"south": {"uv": [0, 44], "uv_size": [2, 5]},
								"west": {"uv": [44, 0], "uv_size": [2, 5]},
								"up": {"uv": [42, 47], "uv_size": [2, 2]},
								"down": {"uv": [47, 44], "uv_size": [2, -2]}
							}
						},
						{
							"origin": [0.12175, 7.27154, 5.54135],
							"size": [1.41421, 1.41421, 10.9375],
							"pivot": [0.53596, 6.92779, 15.3851],
							"rotation": [-10.72858, -10.54529, -44.00703],
							"uv": {
								"north": {"uv": [3, 53], "uv_size": [1.5, 1.5]},
								"east": {"uv": [33, 14], "uv_size": [11, 1.5]},
								"south": {"uv": [6, 53], "uv_size": [1.5, 1.5]},
								"west": {"uv": [33, 17], "uv_size": [11, 1.5]},
								"up": {"uv": [37, 28], "uv_size": [1.5, 11]},
								"down": {"uv": [31, 49], "uv_size": [1.5, -11]}
							}
						},
						{
							"origin": [0.12175, 6.95608, 16.375],
							"size": [1.41421, 1.41421, 2.4375],
							"pivot": [0.53596, 6.61233, 17.71875],
							"rotation": [0, 0, -45],
							"uv": {
								"north": {"uv": [18, 53], "uv_size": [1.5, 1.5]},
								"east": {"uv": [48, 48], "uv_size": [2.5, 1.5]},
								"south": {"uv": [21, 53], "uv_size": [1.5, 1.5]},
								"west": {"uv": [49, 34], "uv_size": [2.5, 1.5]},
								"up": {"uv": [3, 49], "uv_size": [1.5, 2.5]},
								"down": {"uv": [0, 52.5], "uv_size": [1.5, -2.5]}
							}
						},
						{
							"origin": [0.12175, 11.89358, -18.4375],
							"size": [1.41421, 1.41421, 37.25],
							"pivot": [0.53596, 11.54983, 17.71875],
							"rotation": [0, 0, -45],
							"uv": {
								"north": {"uv": [9, 53], "uv_size": [1.5, 1.5]},
								"east": {"uv": [6, 8], "uv_size": [37.5, 1.5]},
								"south": {"uv": [53, 12], "uv_size": [1.5, 1.5]},
								"west": {"uv": [6, 11], "uv_size": [37.5, 1.5]},
								"up": {"uv": [6, 14], "uv_size": [1.5, 37.5]},
								"down": {"uv": [9, 51.5], "uv_size": [1.5, -37.5]}
							}
						},
						{
							"origin": [-0.8125, 9.8125, -18.8125],
							"size": [1.625, 2.5, 0.375],
							"inflate": 0.002,
							"uv": {
								"north": {"uv": [50, 0], "uv_size": [1.5, 2.5]},
								"east": {"uv": [40, 54], "uv_size": [0.5, 2.5]},
								"south": {"uv": [50, 12], "uv_size": [1.5, 2.5]},
								"west": {"uv": [47, 54], "uv_size": [0.5, 2.5]},
								"up": {"uv": [7, 56], "uv_size": [1.5, 0.5]},
								"down": {"uv": [10, 56.5], "uv_size": [1.5, -0.5]}
							}
						},
						{
							"origin": [0.12175, 11.89358, -18.8145],
							"size": [1.15188, 1.15188, 0.377],
							"pivot": [0.53596, 11.54983, 17.71875],
							"rotation": [0, 0, -45],
							"uv": {
								"north": {"uv": [55, 8], "uv_size": [1, 1]},
								"east": {"uv": [56, 20], "uv_size": [0.5, 1]},
								"south": {"uv": [55, 10], "uv_size": [1, 1]},
								"west": {"uv": [21, 56], "uv_size": [0.5, 1]},
								"up": {"uv": [23, 56], "uv_size": [1, 0.5]},
								"down": {"uv": [25, 56.5], "uv_size": [1, -0.5]}
							}
						}
					]
				}
			]
		}
	]
}